{"cameraMode":{"drawMode":0,"name":"Shaded","section":"Shading Mode"},"sceneLighting":false,"audioPlay":false,"sceneViewState":{"showFog":true,"showMaterialUpdate":false,"showSkybox":false,"showFlares":true,"showImageEffects":true,"showParticleSystems":true,"showVisualEffectGraphs":true,"m_FxEnabled":true},"in2DMode":false,"pivot":{"x":-1.9771275520324708,"y":-0.4014211893081665,"z":1.9095783233642579},"rotation":{"x":-0.20155075192451478,"y":0.42054861783981326,"z":-0.09638483822345734,"w":-0.8793421983718872},"size":2.7325809001922609,"orthographic":false}