{"cameraMode":{"drawMode":0,"name":"Shaded","section":"Shading Mode"},"sceneLighting":false,"audioPlay":false,"sceneViewState":{"showFog":true,"showMaterialUpdate":false,"showSkybox":false,"showFlares":true,"showImageEffects":true,"showParticleSystems":true,"showVisualEffectGraphs":true,"m_FxEnabled":true},"in2DMode":false,"pivot":{"x":-0.7794334888458252,"y":1.4520549774169922,"z":-0.055631160736083987},"rotation":{"x":-0.3070450723171234,"y":0.20401455461978913,"z":-0.06756032258272171,"w":-0.9271214008331299},"size":3.881791830062866,"orthographic":false}