{"cameraMode":{"drawMode":0,"name":"Shaded","section":"Shading Mode"},"sceneLighting":true,"audioPlay":false,"sceneViewState":{"showFog":true,"showMaterialUpdate":false,"showSkybox":false,"showFlares":true,"showImageEffects":true,"showParticleSystems":true,"showVisualEffectGraphs":true,"m_FxEnabled":true},"in2DMode":false,"pivot":{"x":0.10230028629302979,"y":0.4128146171569824,"z":-0.05338549613952637},"rotation":{"x":0.01141709741204977,"y":-0.981606662273407,"z":0.18014417588710786,"w":0.06221545860171318},"size":1.7173540592193604,"orthographic":false}